"first","second","nuc","dict","sdb"
"[7:27","52:96]","CTACTATTTGCGATCCCCCTAAGTGTAGAGAAAAATGATCAGAAAACCTACCACGCCGGAGGCGGT","DB,DD,DH,DI,ZM,ZO","SDB183"
"[7:27","52:96]","CTACTGTTCGCAATCCCGCTAAGTGTCGAAAAAAATGATCAAAAGACTTACCACGCTGGAGGGGGT","DB,DH,DI,YO","SDB179"
"[7:27","52:96]","CTACTGTTCGCTATTCCGCTTAGCGTGGAGAAAAATGATCAAAAAACCTACCACGCTGGGGGAGGT","DB,DD,DI,YA,YB,YJ,YS,YT","SDB174"
"[7:27","52:96]","CTTCTATTTGCTATTCCTCTAAGTGTCGAGAAGAACGACCAGAAGACGTATCATGCGGGGGGTGGT","DB,DH,YO,YR,YT,YU","MC01"
"[7:27","52:96]","CTACTGTTCGCAATCCCGCTAAGTGTTGAGAAAAATGATCAAAAAACTTATCACGCCGGTGGTGGT","DD,LG,YO,YT,YU","NG04"
"[7:27","52:96]","CTTCTATTTGCTATTCCTCTAAGCGTGGAGAAGAATGATCAAAAGACTTATCACGCTGGGGGGGGG","DI,YO,YS","SDB177"
"[7:27","52:96]","CTTCTTTTTGCAATTCCTCTAAGTGTGGAGAAGAATGATCAGAAGACTTATCATGCGGGTGGAGGT","LG,MC,MF,MG,MH,MI,MJ,MK,MR,MT,MU,MV,MW,MY,UA,UB,UI,UM,UQ,YA,YB,YD,YE,YF,YG,YH,YI,YJ,YK,YM,YN,YO,YP,YS,YT,YU,YV,YX,YY,YZ,ZD,ZM","SDB9"
"[7:27","52:96]","CTACTATTCGCGATCCCCCTCAGCGTGGAGAAGAACGACCAGAAGACGTATCACGCAGGGGGGGGG","MC,MF,MG,MH,MI,MJ,MK,MR,MT,MU,MV,MW,MY,UA,UB,UF,UQ,VF,YA,YG,YH,YI,YJ,YK,YM,YO,YQ,YS,YT,YU,YV,YY,XU","SDB68"
"[7:27","52:96]","CTACTATTCGCGATCCCGCTCAGTGTGGAGAAGAATGATCAGAAGACTTATCATGCGGGTGGAGGT","MC,MF,MG,MH,MI,MJ,MK,MR,MT,MU,MV,MW,MY,UA,UB,UI,UM,UQ,YA,YB,YD,YE,YF,YG,YH,YI,YJ,YK,YM,YN,YO,YP,YS,YT,YU,YV,YX,YY,YZ,ZC,ZM","SDB24"
"[7:27","52:96]","CTACTATTTGCGATTCCCCTGAGTGTGGAGAAGAATGATCAGAAGACTTATCATGCGGGTGGAGGT","MC,MF,MG,MH,MI,MJ,MK,MR,MT,MU,MV,MW,MY,SO,UA,UB,UF,UQ,YC,YD,YE,YF,YG,YH,YK,YM,YN,YU,YV,YY,ZA,ZM","SDB11"
"[7:27","52:96]","CTACTCTTCGCCATTCCACTGAGTGTGGAGAAGAATGATCAGAAGACTTATCATGCGGGTGGAGGT","MC,MF,MG,MH,MI,MJ,MK,MR,MT,MU,MV,MW,MY,UA,UB,UF,UQ,VF,YD,YE,YF,YG,YH,YK,YM,YN,YO,YS,YT,YU,YV,YY","SDB28"
"[7:27","52:96]","CTACTCTTCGCGATCCCACTGAGCGTCGAGAAGAACGATCAGAAGACTTATCACGCTGGCGGCGGC","MC,MF,MG,MH,MI,MJ,MK,MR,MT,MU,MV,MW,MY,UA,UB,UF,UQ,VF,YH,YK,YN,YQ,YU,YY","SDB84"
"[7:27","52:96]","CTACTCTTCGCTATACCCCTCAGCGTGGAGAAAAACGACCAAAAGACCTACCATGCAGGTGGTGGC","MC,MF,MG,MH,MI,MJ,MK,MR,MT,MU,MV,MW,MY,UA,UB,UJ,UN,UQ,VJ,YA,YB,YG,YH,YI,YJ,YK,YM,YO,YP,YQ,YR,YS,YT,YU,YV,YX,YY,YZ","SDB58"
"[7:27","52:96]","CTACTCTTTGCAATTCCCCTTAGTGTGGAGAAGAATGATCAGAAGACTTATCATGCGGGTGGAGGT","MC,MF,MG,MH,MI,MJ,MK,MR,MT,MU,MV,MW,MY,UA,UB,UK,UO,UQ,YA,YB,YD,YE,YF,YG,YH,YI,YJ,YK,YM,YN,YO,YP,YS,YT,YU,YV,YX,YY,YZ,ZD,ZM","SDB21"
"[7:27","52:96]","CTACTCTTTGCTATTCCGCTTAGCGTGGAGAAGAATGATCAGAAAACGTACCACGCCGGTGGTGGC","MC,MF,MG,MH,MI,MJ,MK,MR,MT,MU,MV,MW,MY,UA,UB,UI,UM,UQ,YA,YB,YG,YH,YI,YJ,YK,YM,YN,YO,YP,YQ,YS,YT,YU,YV,YX,YY,YZ,ZC,ZM","SDB81"
"[7:27","52:96]","CTACTGTTCGCAATACCTCTCAGCGTAGAAAAAAATGATCAAAAAACATATCACGCAGGTGGCGGA","MC,MF,MG,MH,MI,MJ,MK,MR,MT,MU,MV,MW,MY,UA,UB,UK,UO,UQ,VK,YA,YB,YG,YH,YI,YJ,YK,YM,YN,YO,YP,YS,YT,YU,YV,YX,YY,YZ","SDB132"
"[7:27","52:96]","CTACTGTTCGCAATACCTCTCAGCGTGGAGAAAAATGATCAAAAAACATATCATGCAGGGGGTGGC","MC,MG,MH,MI,MJ,MT,MV,UA,UB,UF,UQ,VF,YH,YK,YN,YO,YQ,YS,YT,YU,YY","SDB89"
"[7:27","52:96]","CTACTGTTCGCAATCCCGCTCAGTGTTGAAAAAAACGATCAAAAAACGTATCATGCTGGTGGAGGT","MC,MF,MG,MH,MI,MJ,MK,MR,MT,MU,MV,MW,MY,UA,UB,UI,UM,UQ,YA,YB,YG,YH,YI,YJ,YK,YM,YO,YP,YQ,YS,YT,YU,YV,YX,YY,YZ,ZA,ZM","SDB70"
"[7:27","52:96]","CTACTGTTTGCTATACCGCTGAGTGTGGAGAAGAATGATCAGAAGACTTATCATGCGGGTGGAGGT","MC,MF,MG,MH,MI,MJ,MK,MR,MT,MU,MV,MW,MY,SO,UA,UB,UK,UO,UQ,YA,YB,YC,YD,YE,YF,YG,YH,YI,YJ,YK,YM,YN,YO,YP,YS,YT,YU,YV,YX,YY,YZ,ZD,ZM","SDB10"
"[7:27","52:96]","CTACTGTTTGCTATCCCACTTAGTGTGGAGAAGAATGATCAGAAGACTTATCATGCGGGTGGAGGT","MC,MF,MG,MH,MI,MJ,MK,MR,MT,MU,MV,MW,MY,UA,UB,UI,UM,UQ,YA,YB,YD,YE,YF,YG,YH,YI,YJ,YK,YM,YN,YO,YP,YS,YT,YU,YV,YX,YY,YZ,ZB,ZD,ZM","SDB22"
"[7:27","52:96]","CTGCTATTCGCTATCCCACTCAGTGTGGAGAAGAATGATCAGAAGACTTATCATGCGGGTGGAGGT","MC,MF,MG,MH,MI,MJ,MK,MR,MT,MU,MV,MW,MY,UA,UB,UJ,UN,UQ,VJ,YA,YB,YD,YE,YF,YG,YH,YI,YJ,YK,YM,YN,YO,YP,YS,YT,YU,YV,YX,YY,YZ","SDB26"
"[7:27","52:96]","CTGCTATTTGCCATCCCACTAAGTGTTGAGAAGAACGATCAGAAAACGTATCATGCAGGTGGTGGA","MC,MF,MG,MH,MI,MJ,MK,MR,MT,MU,MV,MW,MY,UA,UB,UK,UO,UQ,VK,YA,YB,YG,YH,YI,YJ,YK,YM,YN,YO,YP,YS,YT,YU,YV,YX,YY,YZ","SDB127"
"[7:27","52:96]","CTGCTATTTGCGATCCCGCTGAGTGTGGAGAAGAATGATCAGAAGACTTATCATGCGGGTGGAGGT","MC,MG,MH,MI,MJ,MK,MR,MT,MU,MV,MW,MY,UA,UB,UI,UM,UQ,VI,YA,YB,YD,YE,YF,YG,YH,YI,YJ,YK,YM,YN,YO,YP,YS,YT,YU,YV,YX,YY,YZ","SDB29"
"[7:27","52:96]","CTGCTCTTCGCGATCCCTCTGAGTGTCGAAAAGAATGATCAAAAAACGTATCATGCGGGCGGTGGT","MC,MF,MG,MH,MI,MJ,MK,MR,MT,MU,MV,MW,MY,UA,UB,UF,UQ,VF,YH,YK,YN,YO,YQ,YS,YT,YU,YY","SDB83"
"[7:27","52:96]","CTGCTCTTCGCTATTCCACTTAGTGTGGAGAAGAATGATCAGAAGACTTATCATGCGGGTGGAGGT","MC,MF,MG,MH,MI,MJ,MK,MR,MT,MU,MV,MW,MY,UA,UB,UI,UM,UQ,VI,YA,YB,YG,YH,YI,YJ,YK,YM,YN,YO,YP,YQ,YS,YT,YU,YV,YX,YY,YZ","SDB35"
"[7:27","52:96]","CTGCTCTTTGCAATACCTCTTAGTGTGGAGAAGAATGATCAGAAGACTTATCATGCGGGTGGAGGT","MC,MF,MG,MH,MI,MJ,MK,MR,MT,MU,MV,MW,MY,UA,UB,UI,UM,UQ,VI,YB,YD,YE,YF,YG,YH,YI,YJ,YK,YM,YN,YO,YP,YS,YT,YU,YV,YX,YY,YZ","SDB23"
"[7:27","52:96]","CTGCTCTTTGCCATCCCGCTTAGTGTGGAGAAGAATGATCAGAAGACTTATCATGCGGGTGGAGGT","MC,MF,MG,MH,MI,MJ,MK,MR,MT,MU,MV,MW,MY,UA,UB,UF,UQ,VF,YD,YE,YF,YG,YH,YK,YM,YN,YO,YS,YT,YU,YV,YY","SDB20"
"[7:27","52:96]","CTGCTGTTCGCAATCCCGCTGAGTGTGGAGAAGAATGATCAGAAGACTTATCATGCGGGTGGAGGT","MC,MF,MI,MJ,MT,MV,MW,MY,UA,UB,UC,UP,UQ,YA,YB,YD,YE,YF,YG,YH,YI,YJ,YK,YM,YN,YO,YP,YS,YT,YU,YV,YX,YY,YZ,ZA,ZM","SDB16"
"[7:27","52:96]","CTGCTGTTTGCGATTCCACTGAGTGTGGAGAAGAATGATCAGAAGACTTATCATGCGGGTGGAGGT","MC,MF,MG,MH,MI,MJ,MK,MR,MT,MU,MV,MW,MY,UA,UB,UK,UO,UQ,VK,YA,YB,YD,YE,YF,YG,YH,YI,YJ,YK,YM,YN,YO,YP,YS,YT,YU,YV,YX,YY,YZ","SDB6"
"[7:27","52:96]","CTGCTTTTCGCAATACCTCTAAGTGTGGAGAAGAATGATCAGAAGACTTATCATGCGGGTGGAGGT","MC,MF,MG,MH,MI,MJ,MK,MR,MT,MU,MV,MW,MY,UA,UB,UF,UQ,YD,YE,YF,YG,YH,YK,YM,YN,YO,YS,YT,YU,YV,YY,ZA,ZM","SDB25"
"[7:27","52:96]","CTGCTTTTCGCTATTCCTCTCAGTGTGGAGAAGAATGATCAGAAGACTTATCATGCGGGTGGAGGT","MC,MF,MG,MH,MI,MJ,MK,MR,MT,MU,MV,MW,MY,UB,UP,YD,YE,YF,YG,YH,YK,YM,YN,YU,YV,YY","SDB27"
"[7:27","52:96]","CTGCTTTTTGCAATACCCCTCAGTGTGGAGAAGAATGATCAGAAGACTTATCATGCGGGTGGAGGT","MC,MF,MG,MH,MI,MJ,MK,MR,MT,MU,MV,MW,MY,UA,UB,UF,UQ,VF,YD,YE,YF,YG,YH,YK,YM,YN,YU,YV,YY","SDB8"
"[7:27","52:96]","CTGCTTTTTGCTATTCCTCTGAGTGTTGAAAAAAACGATCAGAAGACTTATCACGCGGGGGGCGGG","MC,MF,MG,MH,MI,MJ,MK,MR,MT,MU,MV,MW,MY,UA,UB,UJ,UN,UQ,VJ,YA,YB,YG,YH,YI,YJ,YK,YM,YO,YP,YQ,YS,YT,YU,YV,YX,YY,YZ","SDB71"
"[7:27","52:96]","CTTCTATTCGCAATTCCGCTCAGTGTGGAGAAGAATGATCAGAAGACTTATCATGCGGGTGGAGGT","MC,MF,MG,MH,MI,MJ,MK,MR,MT,MU,MV,MW,MY,SO,UJ,UN,VJ,YA,YB,YC,YD,YE,YF,YG,YH,YI,YJ,YK,YM,YN,YO,YP,YS,YT,YU,YV,YX,YY,YZ,UA,UB,UQ","SDB2"
"[7:27","52:96]","CTTCTATTTGCTATTCCTCTAAGTGTGGAGAAGAATGATCAGAAGACATATCACGCTGGCGGGGGG","MC,MF,MG,MH,MI,MJ,MK,MR,MT,MU,MV,MW,MY,UA,UB,UF,UQ,YH,YK,YN,YU,YY,ZD,ZM","SDB86"
"[7:27","52:96]","CTTCTCTTTGCGATACCGCTAAGTGTGGAAAAGAATGATCAAAAAACGTACCATGCCGGTGGGGGT","MC,MF,MG,MH,MI,MJ,MK,MR,MT,MU,MV,MW,MY,UA,UB,UF,UQ,VF,YA,YB,YG,YH,YK,YM,YN,YO,YS,YT,YU,YV,YX,YY,YZ","SDB130"
"[7:27","52:96]","CTTCTGTTCGCGATACCGCTGAGCGTCGAAAAGAATGATCAGAAAACTTATCATGCGGGGGGCGGG","MC,MF,MG,MH,MI,MJ,MK,MR,MT,MU,MV,MW,MY,UA,UB,UI,UM,UQ,VI,YA,YB,YG,YH,YI,YJ,YK,YM,YN,YO,YP,YS,YT,YU,YV,YX,YY,YZ","SDB129"
"[7:27","52:96]","CTTCTGTTCGCGATCCCCCTAAGTGTAGAGAAGAATGATCAGAAAACGTATCATGCGGGAGGGGGT","MC,MF,MG,MH,MI,MJ,MK,MR,MT,MU,MV,MW,MY,UA,UB,UJ,UN,UQ,VJ,YA,YB,YG,YH,YI,YJ,YK,YM,YN,YO,YP,YQ,YS,YT,YU,YV,YX,YY,YZ","SDB80"
"[7:27","52:96]","CTTCTGTTCGCTATACCTCTCAGCGTGGAGAAGAATGACCAGAAAACTTATCACGCAGGAGGTGGA","MC,MF,MG,MH,MI,MJ,MK,MR,MT,MU,MV,MW,MY,UA,UB,UI,UM,UQ,YA,YB,YG,YH,YI,YJ,YK,YM,YO,YP,YQ,YS,YT,YU,YV,YX,YY,YZ,ZM,ZO","SDB67"
"[7:27","52:96]","CTTCTGTTTGCGATTCCACTGAGCGTGGAGAAGAACGACCAGAAAACATACCATGCTGGTGGTGGA","MC,MF,MG,MH,MI,MJ,MK,MR,MT,MU,MV,MW,MY,UA,UB,UF,UQ,VF,YA,YG,YH,YI,YJ,YK,YM,YO,YQ,YS,YT,YU,YV,YY,XU","SDB69"
"[7:27","52:96]","CTTCTTTTTGCGATTCCGCTGAGTGTGGAGAAGAATGATCAGAAGACTTATCATGCGGGTGGAGGT","MC,MF,MG,MH,MI,MJ,MK,MR,MT,MU,MV,MW,MY,UA,UB,UI,UM,UQ,YA,YB,YG,YH,YI,YJ,YK,YM,YN,YO,YP,YQ,YS,YT,YU,YV,YX,YY,YZ,ZC,ZM","SDB34"
"[7:27","52:96]","TTATTATTCGCAATTCCTTTAAGCGTGGAGAAGAACGACCAAAAGACTTATCACGCGGGCGGGGGG","MC,MF,MG,MH,MI,MJ,MK,MR,MT,MU,MV,MW,MY,UA,UB,UI,UM,UQ,YA,YB,YG,YH,YI,YJ,YK,YM,YN,YO,YP,YQ,YS,YT,YU,YV,YX,YY,YZ,ZD,ZM","SDB82"
"[7:27","52:96]","TTATTATTCGCAATTCCTTTAAGCGTTGAAAAGAATGACCAGAAAACATATCACGCTGGGGGAGGG","MC,MF,MG,MH,MI,MJ,MK,MR,MT,MU,MV,MW,MY,UA,UB,UI,UM,UQ,VI,YA,YB,YG,YH,YI,YJ,YK,YM,YN,YO,YP,YS,YT,YU,YV,YX,YY,YZ","SDB128"
"[7:27","52:96]","CTACTCTTCGCGATTCCGCTTAGTGTGGAGAAGAATGATCAGAAGACTTATCATGCGGGTGGAGGT","MI,MJ,MT,UA,UB,UI,UM,UQ,VI,YA,YB,YD,YE,YF,YG,YH,YI,YJ,YK,YM,YN,YO,YP,YS,YT,YU,YV,YX,YY,YZ","SDB17"
"[7:27","52:96]","CTACTCTTCGCTATACCCCTCAGCGTAGAAAAAAATGACCAAAAGACCTACCATGCGGGAGGTGGG","MI,MJ,MT,UA,UB,UI,UM,UQ,YA,YB,YG,YH,YI,YJ,YK,YM,YN,YO,YP,YQ,YS,YT,YU,YV,YX,YY,YZ,ZC,ZM,XU","SDB87"
"[7:27","52:96]","CTACTGTTCGCTATCCCGCTGAGTGTGGAAAAGAATGATCAGAAGACTTACCACGCTGGTGGTGGG","MI,MJ,MT,UA,UB,UI,UM,UQ,YA,YB,YE,YF,YG,YH,YI,YJ,YK,YM,YN,YO,YP,YQ,YR,YS,YT,YU,YV,YX,YY,YZ,ZA,ZM","SDB49"
"[7:27","52:96]","CTACTGTTTGCTATCCCGCTGAGTGTAGAGAAGAATGACCAAAAGACATATCATGCGGGAGGAGGT","MI,MJ,MT,UA,UB,UI,UM,UQ,VI,YA,YB,YG,YH,YI,YJ,YK,YM,YN,YO,YP,YQ,YR,YS,YT,YU,YV,YX,YY,YZ","SDB52"
"[7:27","52:96]","CTACTTTTCGCAATTCCTCTGAGTGTGGAGAAGAATGATCAGAAGACTTATCATGCGGGTGGAGGT","MI,MJ,MT,UA,UB,UI,UM,UQ,VI,YA,YB,YD,YE,YF,YG,YH,YI,YJ,YK,YM,YN,YO,YP,YS,YT,YU,YV,YX,YY,YZ","SDB13"
"[7:27","52:96]","CTGCTATTCGCTATCCCGCTGAGTGTAGAAAAAAACGACCAGAAAACCTATCATGCCGGTGGCGGG","MI,MJ,MT,UA,UB,UK,UO,UQ,VK,YA,YB,YG,YH,YI,YJ,YK,YM,YN,YO,YP,YS,YT,YU,YV,YX,YY,YZ","SDB125"
"[7:27","52:96]","CTGCTCTTTGCAATTCCGCTGAGTGTAGAAAAAAATGATCAGAAAACATACCATGCTGGTGGCGGA","MI,MJ,MT,UA,UB,UJ,UN,UQ,VJ,YA,YB,YG,YH,YI,YJ,YK,YM,YN,YO,YP,YS,YT,YU,YV,YX,YY,YZ","SDB126"
"[7:27","52:96]","CTGCTGTTCGCCATACCCCTTAGTGTGGAGAAGAATGATCAGAAGACTTATCATGCGGGTGGAGGT","MI,MJ,MT,UA,UB,UF,UQ,VF,YA,YB,YD,YE,YF,YG,YH,YI,YJ,YK,YM,YN,YO,YP,YS,YT,YU,YV,YX,YY,YZ","SDB15"
"[7:27","52:96]","CTGCTGTTCGCGATTCCTCTAAGTGTAGAGAAGAATGACCAGAAGACCTACCACGCGGGCGGGGGG","MI,MJ,MT,UA,UB,UI,UM,UQ,VI,YA,YB,YG,YH,YI,YJ,YK,YM,YN,YO,YP,YQ,YS,YT,YU,YV,YX,YY,YZ,XU","SDB88"
"[7:27","52:96]","CTGCTGTTTGCGATCCCGCTCAGTGTGGAGAAAAATGACCAAAAGACCTATCATGCTGGAGGGGGT","MI,MJ,MT,UA,UB,UJ,UN,UQ,VJ,YA,YB,YG,YH,YI,YJ,YK,YM,YN,YO,YP,YQ,YR,YS,YT,YU,YV,YX,YY,YZ","SDB53"
"[7:27","52:96]","CTGCTGTTTGCTATCCCTCTGAGTGTGGAGAAGAATGATCAGAAGACTTATCATGCGGGTGGAGGT","MI,MJ,MT,UA,UB,UF,UQ,YH,YK,YN,YO,YS,YT,YU,YY,ZD,ZM","SDB18"
"[7:27","52:96]","CTTCTCTTCGCGATACCGCTAAGTGTTGAGAAAAATGATCAAAAAACGTATCATGCGGGTGGTGGG","MI,MJ,MT,YH,YK,YN,YO,YS,YT,YU,YY","SDB99"
"[7:27","52:96]","CTTCTGTTCGCGATACCTCTAAGTGTGGAGAAGAATGATCAGAAGACTTATCATGCGGGTGGAGGT","MI,MJ,MT,UA,UB,UF,UQ,YD,YE,YF,YG,YH,YK,YM,YN,YO,YS,YT,YU,YV,YY,ZA,ZM","SDB12"
"[7:27","52:96]","TTATTATTCGCAATTCCTTTAAGCGTAGAGAAAAACGACCAGAAGACCTATCACGCGGGAGGAGGT","MI,MJ,MT,UA,UB,UI,UM,UQ,YA,YB,YE,YF,YG,YH,YI,YJ,YK,YM,YN,YO,YP,YQ,YR,YS,YT,YU,YV,YX,YY,YZ,ZA,ZM","SDB48"
"[7:27","52:96]","TTATTATTCGCAATTCCTTTAAGCGTCGAGAAGAACGACCAAAAAACCTATCACGCAGGTGGCGGG","MI,MJ,MT,UA,UB,UI,UM,UQ,YA,YB,YG,YH,YI,YJ,YK,YM,YN,YO,YP,YQ,YR,YS,YT,YU,YV,YX,YY,YZ,ZM,ZO","SDB57"
"[7:27","52:96]","TTATTATTCGCAATTCCTTTAAGTGTCGAAAAAAACGATCAGAAGACCTATCACGCAGGCGGGGGC","MI,MJ,MT,UA,UB,UI,UM,UQ,YA,YB,YG,YH,YI,YJ,YK,YM,YN,YO,YP,YQ,YR,YS,YT,YU,YV,YX,YY,YZ,ZM,ZO","SDB54"
"[7:27","52:96]","TTATTATTCGCAATTCCTTTAAGTGTGGAGAAGAACGATCAGAAGACCTATCACGCAGGAGGCGGA","MI,MJ,MT,UO,YA,YB,YH,YI,YJ,YK,YN,YO,YP,YS,YT,YU,YY,YZ","SDB107"
"[7:27","52:96]","CTTCTCTTTGCGATTCCCCTGAGTGTAGAAAAAAATGATCAGAAGACATATCATGCGGGAGGTGGG","SQ,UA,UB,UG,UQ,YE,YF,YQ,YR,ZC,ZM","SDB41"
"[7:27","52:96]","TTATTATTCGCAATTCCTTTAAGTGTGGAGAAGAATGATCAGAAGACTTATCATGCGGGTGGAGGT","SQ,YE","SDBWhite"
"[7:27","52:96]","CTACTATTCGCTATTCCTCTGAGTGTCGAGAAAAACGATCAAAAGACCTATCATGCGGGTGGGGGT","UA,UB,UG,UQ,VG,YA,YB,YI,YJ,YO,YP,YS,YT,YZ","SDB153"
"[7:27","52:96]","CTACTCTTCGCGATACCCCTCAGTGTCGAAAAGAATGATCAGAAGACTTATCATGCAGGTGGTGGT","UA,UB,UG,UQ,VG,YA,YB,YI,YJ,YO,YP,YQ,YS,YT,YZ,XU","SDB118"
"[7:27","52:96]","CTACTCTTTGCAATCCCGCTTAGCGTGGAGAAGAACGACCAGAAGACTTACCACGCGGGTGGTGGG","UA,UB,UH,UQ,VG,YA,YB,YI,YJ,YO,YP,YS,YT,YZ,XU","SDB149"
"[7:27","52:96]","CTACTCTTTGCGATCCCTCTGAGTGTCGAAAAAAATGACCAAAAGACCTATCACGCGGGCGGGGGA","UA,UB,UG,UQ,YA,YB,YG,YI,YJ,YM,YO,YP,YQ,YS,YT,YV,YX,YZ,ZC,ZM","SDB74"
"[7:27","52:96]","CTACTGTTCGCAATACCTCTCAGCGTGGAGAAAAACGACCAGAAAACGTATCATGCTGGTGGTGGA","UA,UB,UH,UQ,VG,YA,YB,YI,YJ,YO,YP,YS,YT,YZ,XU","SDB79"
"[7:27","52:96]","CTACTGTTCGCAATCCCGCTAAGTGTAGAAAAAAACGATCAGAAGACTTACCATGCTGGTGGTGGG","UA,UB,UG,UQ,VG,YA,YB,YI,YJ,YO,YP,YS,YT,YZ","SDB106"
"[7:27","52:96]","CTACTGTTCGCCATCCCTCTGAGTGTAGAAAAGAACGACCAAAAGACTTACCATGCTGGTGGGGGG","UA,UB,UE,UQ,VE,YA,YI,YJ,YO,YQ,YR,YS,YT","SDB60"
"[7:27","52:96]","CTACTGTTCGCGATCCCACTGAGTGTAGAAAAAAATGACCAGAAGACGTATCACGCAGGCGGAGGC","UA,UB,UH,UQ,VG,YA,YB,YI,YJ,YO,YP,YQ,YS,YT,YZ,XU","SDB112"
"[7:27","52:96]","CTACTGTTCGCTATCCCGCTGAGTGTCGAAAAAAATGACCAGAAAACGTATCATGCGGGGGGGGGT","UA,UB,UL,UQ,VK,YA,YB,YI,YJ,YO,YP,YQ,YS,YT,YZ","SDB115"
"[7:27","52:96]","CTACTGTTTGCCATTCCCCTGAGTGTCGAAAAAAATGATCAGAAAACTTATCACGCAGGAGGGGGG","UA,UB,UG,UQ,VG,YA,YB,YI,YJ,YO,YP,YQ,YS,YT,YZ","SDB113"
"[7:27","52:96]","CTACTGTTTGCGATCCCACTCAGCGTGGAGAAGAACGACCAGAAGACCTACCACGCGGGGGGAGGG","UA,UB,UI,UQ,VI,YP,YQ","SDB114"
"[7:27","52:96]","CTACTGTTTGCGATCCCCCTCAGCGTTGAAAAAAACGATCAAAAAACATATCATGCGGGAGGCGGG","UA,UB,UH,UQ,VG,YA,YB,YI,YJ,YO,YP,YQ,YS,YT,YZ","SDB124"
"[7:27","52:96]","CTACTGTTTGCTATACCTCTTAGCGTTGAAAAAAATGACCAGAAAACTTACCATGCGGGTGGAGGT","UA,UB,UL,UQ,VK,YA,YB,YG,YI,YJ,YM,YO,YP,YQ,YR,YS,YT,YV,YX,YZ","SDB56"
"[7:27","52:96]","CTGCTATTCGCTATCCCCCTGAGTGTTGAGAAGAATGACCAAAAGACATATCACGCCGGGGGAGGG","UA,UB,UH,UQ,VG,YA,YB,YI,YJ,YO,YP,YS,YT,YZ","SDB161"
"[7:27","52:96]","CTGCTATTTGCCATCCCACTAAGCGTGGAAAAGAATGATCAGAAGACATATCATGCCGGCGGAGGT","UA,UB,UJ,UQ,VJ","SDB123"
"[7:27","52:96]","CTGCTATTTGCCATCCCGCTGAGCGTCGAGAAAAACGATCAAAAGACATACCATGCCGGCGGAGGA","UA,UB,UG,UQ,VG,YA,YB,YG,YJ,YO,YP,YS,YT,YZ,XU","SDB77"
"[7:27","52:96]","CTGCTATTTGCCATCCCGCTGAGCGTTGAAAAAAACGACCAGAAAACGTATCACGCGGGGGGGGGG","UA,UB,UG,UQ,YG,YM,YQ,YR,YV,ZC,ZM","SDB46"
"[7:27","52:96]","CTGCTCTTTGCAATTCCGCTGAGTGTCGAAAAAAATGACCAAAAGACTTATCACGCTGGTGGTGGA","UA,UB,UL,UQ,VK,YA,YB,YG,YI,YJ,YM,YO,YP,YQ,YR,YS,YT,YV,YX,YZ","SDB55"
"[7:27","52:96]","CTGCTCTTTGCTATACCCCTAAGCGTCGAGAAAAATGATCAAAAAACCTATCACGCCGGGGGGGGA","UA,UB,UG,UQ,YA,YB,YG,YI,YJ,YM,YO,YP,YQ,YS,YT,YV,YX,YZ,ZC,ZM","SDB51"
"[7:27","52:96]","CTGCTCTTTGCTATACCCCTAAGCGTCGAGAAGAACGACCAGAAGACCTACCACGCTGGAGGGGGA","UA,UB,UE,UQ,VE,YM,YQ","SDB64"
"[7:27","52:96]","CTGCTCTTTGCTATCCCTCTAAGTGTTGAAAAAAACGACCAGAAGACTTATCACGCAGGTGGTGGG","UA,UB,UG,UQ,VG,YA,YB,YI,YJ,YO,YP,YS,YT,YZ,XU","SDB150"
"[7:27","52:96]","CTGCTCTTTGCTATTCCCCGGAGTGTTGAGAAGAATGATCAGAAGACGTATCATGCGGGGGGGGGG","UA,UB,UE,UQ,VE","SDB61"
"[7:27","52:96]","CTGCTGTTCGCAATACCACTCAGTGTGGAGAAGAATGATCAGAAGACTTATCATGCGGGTGGAGGT","UA,UB,UG,UQ,VG,YA,YB,YC,YE,YF,YG,YI,YJ,YM,YO,YP,YS,YT,YV,YX,YZ","SDB1"
"[7:27","52:96]","CTGCTGTTCGCGATTCCCCTAAGTGTCGAGAAAAATGATCAAAAAACTTATCATGCGGGAGGCGGG","UA,UB,UE,UQ,VE,YQ","SDB78"
"[7:27","52:96]","CTGCTGTTTGCGATACCGCTTAGTGTGGAGAAAAACGATCAGAAGACCTATCATGCTGGGGGTGGA","UA,UC,UQ,VG,YA,YB,YI,YJ,YO,YP,YQ,YS,YT,YZ","SDB121"
"[7:27","52:96]","CTGCTGTTTGCGATTCCCCTGAGTGTCGAAAAGAATGACCAAAAGACGTACCATGCGGGGGGGGGG","UA,UB,UL,UQ,VK,YA,YB,YG,YM,YV,YX,YZ","SDB131"
"[7:27","52:96]","CTGCTGTTTGCGATTCCTCTGAGCGTGGAAAAAAATGACCAAAAAACCTACCATGCAGGGGGGGGA","UA,UB,UL,UQ,YA,YB,YE,YF,YG,YI,YJ,YM,YO,YP,YQ,YR,YS,YT,YV,YX,YZ,ZA,ZM","SDB45"
"[7:27","52:96]","CTGCTGTTTGCTATCCCGCTAAGTGTAGAAAAAAATGACCAGAAAACGTACCATGCGGGCGGTGGG","UA,UB,UG,UQ,VG,YA,YB,YI,YJ,YO,YP,YQ,YS,YT,YZ","SDB111"
"[7:27","52:96]","CTGCTTTTCGCGATACCACTGAGTGTGGAGAAGAATGATCAGAAGACTTATCATGCGGGTGGAGGT","UA,UB,UE,UQ,VE","SDB31"
"[7:27","52:96]","CTGCTTTTTGCCATACCGCTGAGTGTGGAGAAGAATGATCAGAAGACTTATCATGCGGGTGGAGGT","UA,UB,UE,UQ,VE","SDB33"
"[7:27","52:96]","CTGCTTTTTGCCATCCCTCTTAGTGTTGAAAAGAACGATCAAAAAACTTATCACGCAGGGGGGGGG","UA,UB,UL,UQ,VK,YG,YM,YQ,YV","SDB65"
"[7:27","52:96]","CTGCTTTTTGCGATTCCCCTTAGTGTGGAGAAGAATGATCAGAAGACTTATCATGCGGGTGGAGGT","UA,UB,UE,UQ,VE","SDB30"
"[7:27","52:96]","CTGCTTTTTGCTATACCCCTGAGCGTGGAGAAGAACGATCAAAAGACCTATCACGCGGGGGGAGGC","UA,UB,UH,UQ,VG,YA,YB,YI,YJ,YO,YP,YQ,YS,YT,YZ","SDB122"
"[7:27","52:96]","CTGCTTTTTGCTATACCTCTCAGCGTAGAAAAGAATGACCAGAAGACGTACCATGCCGGTGGGGGG","UA,UB,UH,UQ,VG,YA,YB,YI,YJ,YO,YP,YS,YT,YZ","SDB152"
"[7:27","52:96]","CTGCTTTTTGCTATTCCTCTTAGTGTCGAGAAGAATGATCAAAAAACTTACCACGCGGGTGGTGGA","UA,UB,UG,UQ,VG,YA,YB,YI,YJ,YO,YP,YS,YT,YZ,XU","SDB105"
"[7:27","52:96]","CTTCTGTTCGCTATTCCGCTTAGCGTGGAAAAGAACGATCAAAAGACCTATCACGCCGGGGGAGGG","UA,UB,UL,UQ,YA,YB,YG,YI,YJ,YM,YO,YP,YQ,YR,YS,YT,YV,YX,YZ,ZC,ZM","SDB40"
"[7:27","52:96]","CTTCTGTTTGCAATACCCCTGAGCGTGGAGAAGAATGATCAAAAGACGTACCATGCGGGGGGAGGG","UA,UB,UL,UQ,YA,YB,YE,YF,YG,YI,YJ,YM,YO,YP,YS,YT,YV,YX,YZ,ZD,ZM","SDB42"
"[7:27","52:96]","TTATTATTCGCAATACCGCTAAGTGTTGAGAAGAATGACCAGAAGACGTATCACGCCGGGGGAGGG","UA,UB,UL,UQ,YA,YB,YE,YF,YG,YI,YJ,YM,YO,YP,YQ,YR,YS,YT,YV,YX,YZ,ZM,ZO","SDB47"
"[7:27","52:96]","TTATTATTCGCAATTCCTCTAAGCGTCGAGAAGAACGATCAAAAAACTTATCACGCGGGAGGTGGA","UA,UB,UE,UQ,VE,YG,YM,YQ,YV","SDB72"
"[7:27","52:96]","TTATTATTCGCAATTCCTTTAAGCGTTGAAAAAAACGATCAAAAGACATATCACGCTGGCGGAGGA","UA,UB,UG,UQ,VG,YA,YB,YG,YI,YJ,YM,YO,YP,YQ,YS,YT,YV,YX,YZ","SDB73"
"[7:27","52:96]","TTATTATTCGCAATTCCTTTAAGCGTTGAAAAGAATGACCAGAAAACGTACCACGCGGGGGGCGGA","UA,UB,UL,UQ,VK,YA,YB,YP,YQ","SDB117"
"[7:27","52:96]","TTATTATTCGCAATTCCTTTAAGTGTCGAAAAAAATGACCAGAAAACTTACCATGCTGGAGGGGGC","UA,UB,UG,UQ,VG,YA,YB,YI,YJ,YO,YP,YS,YT,YZ","SDB160"
"[7:27","52:96]","TTATTATTCGCAATTCCTTTAAGTGTCGAAAAGAATGACCAAAAAACTTATCATGCAGGTGGGGGA","UA,UB,UG,UQ,VG,YA,YB,YG,YI,YJ,YM,YO,YP,YQ,YR,YS,YT,YV,YX,YZ","SDB59"
"[7:27","52:96]","TTATTATTCGCAATTCCTTTAAGTGTCGAGAAGAACGATCAGAAGACCTACCACGCAGGGGGGGGT","UA,UB,UG,UQ,YA,YB,YG,YI,YJ,YM,YO,YP,YQ,YS,YT,YV,YX,YZ,ZC,ZM","SDB66"
"[7:27","52:96]","TTATTATTCGCAATTCCTTTAAGTGTGGAGAAGAACGACCAGAAAACGTATCACGCAGGTGGGGGT","UA,UB,UE,UQ,VE","SDB85"
"[7:27","52:96]","CTGCTTTTTGCCATCCCTCTTAGTGTCGAGAAAAACGACCAGAAAACATACCACGCCGGAGGGGGT","UM,YQ","SDB119"
"[7:27","52:96]","CTGCTGTTTGCTATTCCACTAAGTGTTGAAAAAAACGATCAGAAGACTTATCATGCTGGGGGAGGA","UN,YA,YI,YJ,YO,YQ,YS,YT","SDB120"
"[7:27","52:96]","CTGCTATTTGCCATTCCCCTAAGTGTGGAGAAGAATGATCAGAAGACTTATCATGCGGGTGGAGGT","YA,YB,YE,YF,YG,YI,YJ,YM,YO,YV,YZ","SDB14"
"[7:27","52:96]","CTGCTGTTTGCTATACCCCTTAGCGTGGAAAAGAATGACCAGAAGACCTACCATGCCGGTGGGGGT","YA,YI,YJ","SDB157"
"[7:27","52:96]","CTGCTTTTTGCCATACCGCTAAGTGTTGAGAAGAATGATCAGAAGACCTACCACGCAGGAGGTGGC","YA,YB,YI,YP,YZ","SDB76"
"[7:27","52:96]","TTATTATTCGCAATTCCTTTAAGTGTTGAAAAAAACGACCAGAAGACTTATCACGCGGGTGGGGGG","YA,YI,YJ,YO,YS,YT","SDB103"
"[7:27","52:96]","CTGCTTTTCGCAATTCCGCTTAGTGTGGAGAAGAATGATCAGAAGACTTATCATGCGGGTGGAGGT","YC,YD,YE,YF,YG,YM,YO,YS,YT","SDB3"
"[7:27","52:96]","CTTCTGTTCGCCATTCCGCTGAGTGTGGAGAAGAATGATCAGAAGACTTATCATGCGGGTGGAGGT","YC,YD,YE,YF,YG,YM","SDB5"
"[7:27","52:96]","CTGCTATTTGCGATTCCCCTAAGTGTAGAGAAAAACGATCAAAAGACGTATCATGCCGGGGGCGGT","YE,YF,YG,YQ,YR,YV","SDB44"
"[7:27","52:96]","CTGCTCTTTGCGATTCCGCTGAGTGTCGAGAAGAACGACCAGAAAACATATCACGCGGGGGGGGGA","YE,YF,YG,YM,YQ,YR,YV,ZA,ZM","SDB50"
"[7:27","52:96]","CTTCTGTTTGCTATTCCGCTCAGTGTGGAGAAGAATGATCAAAAAACCTACCATGCCGGGGGAGGG","YE,YF,YM,YQ,YR,YV","SDB43"
"[7:27","52:96]","CTGCTGTTTGCGATCCCTCTAAGTGTCGAAAAGAACGACCAAAAAACTTACCTTGCAGGGGGGGGT","YG,YM,YQ,YV","SDB39"
"[7:27","52:96]","CTACTCTTTGCTATCCCTCTAAGTGTAGAAAAGAATGATCAAAAAACATATCATGCGGGTGGGGGT","YH","SDB94"
"[7:27","52:96]","CTACTCTTTGCTATCCCTCTAAGTGTCGAGAAGAATGATCAGAAAACATACCATGCCGGGGGGGGT","YH","SDB102"
"[7:27","52:96]","CTACTGTTCGCAATCCCGCTCAGCGTCGAGAAGAATGACCAGAAGACGTACCATGCCGGGGGCGGG","YH","SDB100"
"[7:27","52:96]","CTACTTTTTGCTATTCCTCTCAGTGTTGAAAAAAACGATCAGAAGACTTACCATGCGGGTGGGGGT","YH","SDB101"
"[7:27","52:96]","CTGCTGTTCGCAATCCCGCTAAGTGTTGAAAAAAATGATCAGAAAACATATCACGCTGGGGGTGGA","YH","SDB96"
"[7:27","52:96]","CTGCTGTTTGCAATCCCCCTAAGTGTCGAAAAGAACGATCAGAAAACATACCATGCGGGTGGGGGT","YH","SDB97"
"[7:27","52:96]","CTGCTGTTTGCGATTCCCCTGAGCGTCGAGAAGAATGACCAAAAAACGTACCATGCGGGGGGTGGG","YH","SDB91"
"[7:27","52:96]","CTGCTGTTTGCGATTCCTCTGAGTGTCGAAAAGAATGATCAAAAAACATACCATGCGGGGGGTGGG","YH","SDB98"
"[7:27","52:96]","TTATTATTCGCAATTCCTTTAAGTGTAGAAAAGAACGATCAAAAGACTTATCATGCGGGGGGGGGA","YH","SDB93"
"[7:27","52:96]","TTATTATTCGCAATTCCTTTAAGTGTGGAGAAGAATGACCAGAAAACGTACCACGCGGGGGGTGGG","YH","SDB92"
"[7:27","52:96]","CTACTGTTCGCAATCCCGCTAAGCGTTGAGAAGAATGATCAAAAAACGTACCATGCTGGGGGGGGC","YO,YS","SDB178"
"[7:27","52:96]","CTGCTTTTTGCTATACCTCTTAGCGTGGAGAAGAACGATCAGAAAACGTATCATGCTGGTGGTGGG","YP,YQ","SDB116"
"[7:27","52:96]","TTATTATTCGCAATTCCTTTAAGTGTGGAGAAGAATGATCAAAAGACGTACCATGCAGGCGGAGGT","YP","SDB155"
"[7:27","52:96]","CTGCTCTTTGCTATTCCCCGGAGTGTTGAGAAGAATGATCAGAAGACGTATCATGNGGGGGGGGGG","YQ","SDB61"
"[7:27","52:96]","CTACTGTTCGCAATCCCGCTAAGTGTCGAAAAAAATGATCAAAAGACTTACCACGCTGGAGGGGGG","YR","NG03?"
"[7:27","52:96]","TTATTATTCGCAATTCCTTTAAGTGTGGAGAAAAACGACCAAAAGACCTACCATGCTGGGGGGGGT","ZA,ZM","SDB181"
"[7:27","52:96]","CTACTATTTGCGATACCGCTAAGTGTGGAAAAAAACGATCAAAAAACATACCACGCTGGCGGCGGG","ZB,ZM","SDB192"
"[7:27","52:96]","CTACTATTTGCGATTCCGCTAAGCGTAGAGAAAAATGACCAGAAGACTTACCACGCAGGAGGTGGG","ZB,ZM","SDB187"
"[7:27","52:96]","CTGCTCTTTGCTATACCCCTAAGCGTAGAAAAAAACGATCAGAAAACATATCATGCTGGAGGTGGT","ZB,ZM","SDB199"
"[7:27","52:96]","CTGCTCTTTGCTATACCCCTAAGTGTGGAGAAAAATGACCAAAAAACTTATCACGCAGGAGGTGGT","ZB,ZM","SDB198"
"[7:27","52:96]","CTGCTGTTCGCTATCCCGCTAAGTGTTGAGAAAAATGATCAAAAGACTTACCATGCAGGAGGTGGA","ZB,ZM","SDB193"
"[7:27","52:96]","CTGCTTTTTGCTATTCCTCTGAGTGTTGAGAAGAATGACCAGAAGACGTACCACGCGGGCGGGGGT","ZB,ZM","SDB196"
"[7:27","52:96]","CTTCTCTTTGCTATTCCTCTTAGTGTCGAGAAAAACGACCAAAAGACCTACCATGCGGGGGGAGGG","ZB,ZM,ZO","SDB200"
"[7:27","52:96]","CTTCTTTTCGCCATACCGCTAAGCGTTGAAAAAAACGATCAAAAAACTTATCATGCTGGAGGGGGT","ZB,ZM","SDB195"
"[7:27","52:96]","TTATTATTCGCAATTCCTTTAAGCGTGGAAAAGAATGATCAAAAGACGTACCATGCCGGCGGGGGC","ZB,ZM","SDB189"
"[7:27","52:96]","CTACTCTTTGCTATTCCACTAAGCGTTGAAAAAAATGACCAGAAAACTTATCATGCCGGAGGGGGA","ZD,ZM","SDB223"
"[7:27","52:96]","CTGCTGTTCGCTATTCCACTAAGTGTAGAAAAGAATGATCAGAAGACTTATCATGCAGGTGGGGGG","ZD,ZM","SDB190"
"[7:27","52:96]","CTACTCTTCGCTATACCCCTCAGTGTTGAGAAAAACGATCAAAAGACCTATCATGCCGGAGGGGGT","ZM,ZO","SDB203"
"[7:27","52:96]","CTACTGTTCGCGATCCCACTGAGTGTTGAAAAGAATGACCAGAAAACATATCACGCGGGTGGGGGT","ZM,ZO","SDB212"
"[7:27","52:96]","CTGCTCTTTGCTATTCCCCTGAGCGTGGAGAAGAATGACCAGAAAACGTACCATGCAGGAGGCGGG","ZM,ZO","SDB202"
"[7:27","52:96]","CTTCTCTTTGCGATACCGCTCAGTGTTGAAAAAAACGATCAAAAGACCTACCACGCGGGTGGTGGC","ZM,ZO","SDB194"
"[7:27","52:84]","CTTCTATTTGCTATTCCTCTAGATTATAAGGACGATGACGACAAGGGGGGAGGT","DD","F07MC"
"[7:27","52:84]","CTTCTATTTGCTATTCCTCTAGACTACAAAGACGATGACGATAAGGGGGGGGGG","MI,MJ,MT","F02MC"
"[7:27","52:81]","CTACTGTTCGCAATCCCGCTAAGTTGGTATGATCTCTATCATGGAGGAGGA","MC,MF,MG,MH,MI,MJ,MK,MR,MT,MU,MV,MW,MY,YA,YE,YF,YG,YM,YN,YV,YX,YY,YZ","S02NG"
"[7:27","52:81]","CTACTGTTCGCAATCCCGCTAAGTTGGTATGACCTGTACCACGGGGGGGGA","SQ,YE,YF,YG,YM,YV","S07NG"
"[7:27","52:81]","CTTCTATTTGCTATTCCTCTAAGTTGGTATGATCTATACCACGGTGGTGGG","YA,YE,YF,YG,YM,YR,YV,YX,YZ","M01MC"
"[7:27","52:81]","CTACTGTTCGCAATCCCGCTAAGCTGGTATGATCTCTACCACGGTGGCGGG","YE,YF,YG,YM,YN,YV","S04NG"
"[7:27","52:81]","CTTCTATTTGCTATTCCTCTAAGTTGGTACGACCTGTATCATGGGGGGGGC","YE,YF,YG,YM,YV","M05MC"
"[7:27","52:81]","CTTCTATTTGCTATTCCTCTAAGTTGGTACGACCTTTACCACGGTGGAGGT","YE,YF,YG,YM,YV","M04MC"
"[7:27","52:81]","CTACTGTTCGCAATCCCGCTAAGTTGGTACGATCTATATCACGGGGGGGGG","YR","S03NG"
"[7:27","NANANANANANA","CTACTGTTTGCGATCCCACTC","KA","SB33"
"[7:27","NANANANANANA","CTTCTATTTGCAATTCCCCTG","KA","SB35"
"[7:27","NANANANANANA","CTTCTGTTCGCGATCCCCCTA","KA","SB31"
"[7:27","NANANANANANA","CTTCTTTTTGCAATCCCTCTT","KA","SB34"
"[7:27","NANANANANANA","TTATTATTCGCAATTCCTTTA","KA","SB0"
"[1:48","NANANANANANA","AAAAAATTATTATTCGCAATTCCTTTAGTTGTTCCTTTGTACAGCCAT","MI,MJ,MR,YA,YJ,YX,YZ","blocking"
